UserName,DataLab,RoleName
AA02367                       ,DL_AA_TM_MAM_S                ,RL_COMMON                     
AA02367                       ,DL_AQI_GBD_PHI                ,RL_COMMON                     
AA02367                       ,DL_AQI_MBRSHP_PHI             ,RL_COMMON                     
AA02367                       ,DL_AQI_MDCR_QDM               ,RL_COMMON                     
AA02367                       ,DL_AQI_PHI                    ,RL_COMMON                     
AA02367                       ,DL_AQI_SL_IDW_PHI             ,RL_COMMON                     
AA02367                       ,DL_CLIN_AFF                   ,RL_COMMON                     
AA02367                       ,DL_DMS_PHI                    ,DATALAB_ALL_DL_DMS_PHI        
AA02367                       ,DL_DMS_PHI                    ,RL_COMMON                     
AA02367                       ,DL_PM_TM_VBESAB01             ,RL_COMMON                     
AA26266                       ,DL_AA_TM_MAM_S                ,RL_COMMON                     
AA26266                       ,DL_AQI_GBD_PHI                ,DATALAB_READ_DL_AQI_GBD_PHI   
AA26266                       ,DL_AQI_GBD_PHI                ,RL_COMMON                     
AA26266                       ,DL_AQI_MBRSHP_PHI             ,RL_COMMON                     
AA26266                       ,DL_AQI_MDCR_QDM               ,RL_COMMON                     
AA26266                       ,DL_AQI_PHI                    ,RL_COMMON                     
AA26266                       ,DL_AQI_SL_IDW_PHI             ,DATALAB_READ_DL_AQI_SL_IDW_PHI
AA26266                       ,DL_AQI_SL_IDW_PHI             ,RL_COMMON                     
AA26266                       ,DL_CLIN_AFF                   ,RL_COMMON                     
AA26266                       ,DL_DMS_PHI                    ,RL_COMMON                     
AA26266                       ,DL_PM_TM_VBESAB01             ,RL_COMMON                     
AA38826                       ,DL_AA_TM_MAM_S                ,RL_COMMON                     
AA38826                       ,DL_AQI_GBD_PHI                ,RL_COMMON                     
AA38826                       ,DL_AQI_MBRSHP_PHI             ,RL_COMMON                     
AA38826                       ,DL_AQI_MDCR_QDM               ,DATALAB_READ_DL_AQI_MDCR_PHI  
AA38826                       ,DL_AQI_MDCR_QDM               ,RL_COMMON                     
AA38826                       ,DL_AQI_PHI                    ,RL_COMMON                     
AA38826                       ,DL_AQI_SL_IDW_PHI             ,DATALAB_READ_DL_AQI_SL_IDW_PHI
AA38826                       ,DL_AQI_SL_IDW_PHI             ,RL_COMMON                     
AA38826                       ,DL_CLIN_AFF                   ,RL_COMMON                     
AA38826                       ,DL_DMS_PHI                    ,RL_COMMON                     
AA38826                       ,DL_PM_TM_VBESAB01             ,RL_COMMON                     
AA56783                       ,DL_AA_TM_MAM_S                ,RL_COMMON                     
AA56783                       ,DL_AQI_GBD_PHI                ,RL_COMMON                     
AA56783                       ,DL_AQI_MBRSHP_PHI             ,RL_COMMON                     
AA56783                       ,DL_AQI_MDCR_QDM               ,RL_COMMON                     
AA56783                       ,DL_AQI_PHI                    ,RL_COMMON                     
AA56783                       ,DL_AQI_SL_IDW_PHI             ,DATALAB_READ_DL_AQI_SL_IDW_PHI
AA56783                       ,DL_AQI_SL_IDW_PHI             ,RL_COMMON                     
AA56783                       ,DL_CLIN_AFF                   ,RL_COMMON                     
AA56783                       ,DL_DMS_PHI                    ,RL_COMMON                     
AA56783                       ,DL_PM_TM_VBESAB01             ,DATALAB_READ_DL_PM_TM_VBESAB01
AA56783                       ,DL_PM_TM_VBESAB01             ,RL_COMMON                     
aa84996                       ,DL_AA_TM_MAM_S                ,RL_COMMON                     
aa84996                       ,DL_AQI_GBD_PHI                ,RL_COMMON                     
aa84996                       ,DL_AQI_MBRSHP_PHI             ,RL_COMMON                     
aa84996                       ,DL_AQI_MDCR_QDM               ,RL_COMMON                     
aa84996                       ,DL_AQI_PHI                    ,RL_COMMON                     
aa84996                       ,DL_AQI_SL_IDW_PHI             ,RL_COMMON                     
aa84996                       ,DL_CLIN_AFF                   ,RL_COMMON                     
aa84996                       ,DL_DMS_PHI                    ,DATALAB_ALL_DL_DMS_PHI        
aa84996                       ,DL_DMS_PHI                    ,DATALAB_READ_DL_DMS_PHI       
aa84996                       ,DL_DMS_PHI                    ,RL_COMMON                     
aa84996                       ,DL_PM_TM_VBESAB01             ,RL_COMMON                     
AA97660                       ,DL_AA_TM_MAM_S                ,RL_COMMON                     
AA97660                       ,DL_AQI_GBD_PHI                ,RL_COMMON                     
AA97660                       ,DL_AQI_MBRSHP_PHI             ,RL_COMMON                     
AA97660                       ,DL_AQI_MDCR_QDM               ,RL_COMMON                     
AA97660                       ,DL_AQI_PHI                    ,RL_COMMON                     
AA97660                       ,DL_AQI_SL_IDW_PHI             ,RL_COMMON                     
AA97660                       ,DL_CLIN_AFF                   ,RL_COMMON                     
AA97660                       ,DL_DMS_PHI                    ,DATALAB_ALL_DL_DMS_PHI        
AA97660                       ,DL_DMS_PHI                    ,RL_COMMON                     
AA97660                       ,DL_PM_TM_VBESAB01             ,RL_COMMON                     
AA98466                       ,DL_AA_TM_MAM_S                ,RL_COMMON                     
AA98466                       ,DL_AQI_GBD_PHI                ,RL_COMMON                     
AA98466                       ,DL_AQI_MBRSHP_PHI             ,DATALAB_ALL_DL_AQI_MBRSHP_PHI 
AA98466                       ,DL_AQI_MBRSHP_PHI             ,RL_COMMON                     
AA98466                       ,DL_AQI_MDCR_QDM               ,RL_COMMON                     
AA98466                       ,DL_AQI_PHI                    ,DATALAB_ALL_DL_AQI_PHI        
AA98466                       ,DL_AQI_PHI                    ,RL_COMMON                     
AA98466                       ,DL_AQI_SL_IDW_PHI             ,DATALAB_READ_DL_AQI_SL_IDW_PHI
AA98466                       ,DL_AQI_SL_IDW_PHI             ,RL_COMMON                     
AA98466                       ,DL_CLIN_AFF                   ,RL_COMMON                     
AA98466                       ,DL_DMS_PHI                    ,RL_COMMON                     
AA98466                       ,DL_PM_TM_VBESAB01             ,RL_COMMON                     
AB02412                       ,DL_AA_TM_MAM_S                ,RL_COMMON                     
AB02412                       ,DL_AQI_GBD_PHI                ,DATALAB_READ_DL_AQI_GBD_PHI   
AB02412                       ,DL_AQI_GBD_PHI                ,DATALAB_READ_DL_AQI_PHI       
AB02412                       ,DL_AQI_GBD_PHI                ,RL_COMMON                     
AB02412                       ,DL_AQI_MBRSHP_PHI             ,RL_COMMON                     
AB02412                       ,DL_AQI_MDCR_QDM               ,RL_COMMON                     
AB02412                       ,DL_AQI_PHI                    ,DATALAB_READ_DL_AQI_PHI       
AB02412                       ,DL_AQI_PHI                    ,RL_COMMON                     
AB02412                       ,DL_AQI_SL_IDW_PHI             ,DATALAB_READ_DL_AQI_SL_IDW_PHI
AB02412                       ,DL_AQI_SL_IDW_PHI             ,RL_COMMON                     
AB02412                       ,DL_CLIN_AFF                   ,RL_COMMON                     
AB02412                       ,DL_DMS_PHI                    ,RL_COMMON                     
AB02412                       ,DL_PM_TM_VBESAB01             ,RL_COMMON                     
AB21599                       ,DL_AA_TM_MAM_S                ,RL_COMMON                     
AB21599                       ,DL_AQI_GBD_PHI                ,RL_COMMON                     
AB21599                       ,DL_AQI_MBRSHP_PHI             ,RL_COMMON                     
AB21599                       ,DL_AQI_MDCR_QDM               ,RL_COMMON                     
AB21599                       ,DL_AQI_PHI                    ,RL_COMMON                     
AB21599                       ,DL_AQI_SL_IDW_PHI             ,RL_COMMON                     
AB21599                       ,DL_CLIN_AFF                   ,RL_COMMON                     
AB21599                       ,DL_DMS_PHI                    ,DATALAB_ALL_DL_DMS_PHI        
AB21599                       ,DL_DMS_PHI                    ,RL_COMMON                     
AB21599                       ,DL_PM_TM_VBESAB01             ,RL_COMMON                     
AB36495                       ,DL_AA_TM_MAM_S                ,RL_COMMON                     
AB36495                       ,DL_AQI_GBD_PHI                ,RL_COMMON                     
AB36495                       ,DL_AQI_MBRSHP_PHI             ,RL_COMMON                     
AB36495                       ,DL_AQI_MDCR_QDM               ,RL_COMMON                     
AB36495                       ,DL_AQI_PHI                    ,RL_COMMON                     
AB36495                       ,DL_AQI_SL_IDW_PHI             ,RL_COMMON                     
AB36495                       ,DL_CLIN_AFF                   ,RL_COMMON                     
AB36495                       ,DL_DMS_PHI                    ,RL_COMMON                     
AB36495                       ,DL_PM_TM_VBESAB01             ,DATALAB_READ_DL_PM_TM_VBESAB01
AB36495                       ,DL_PM_TM_VBESAB01             ,RL_COMMON                     
AB57152                       ,DL_AA_TM_MAM_S                ,RL_COMMON                     
AB57152                       ,DL_AQI_GBD_PHI                ,RL_COMMON                     
AB57152                       ,DL_AQI_MBRSHP_PHI             ,RL_COMMON                     
AB57152                       ,DL_AQI_MDCR_QDM               ,RL_COMMON                     
AB57152                       ,DL_AQI_PHI                    ,RL_COMMON                     
AB57152                       ,DL_AQI_SL_IDW_PHI             ,RL_COMMON                     
AB57152                       ,DL_CLIN_AFF                   ,RL_COMMON                     
AB57152                       ,DL_DMS_PHI                    ,RL_COMMON                     
AB57152                       ,DL_PM_TM_VBESAB01             ,RL_COMMON                     
AB57407                       ,DL_AA_TM_MAM_S                ,RL_COMMON                     
AB57407                       ,DL_AQI_GBD_PHI                ,RL_COMMON                     
AB57407                       ,DL_AQI_MBRSHP_PHI             ,RL_COMMON                     
AB57407                       ,DL_AQI_MDCR_QDM               ,RL_COMMON                     
AB57407                       ,DL_AQI_PHI                    ,RL_COMMON                     
AB57407                       ,DL_AQI_SL_IDW_PHI             ,RL_COMMON                     
AB57407                       ,DL_CLIN_AFF                   ,RL_COMMON                     
AB57407                       ,DL_DMS_PHI                    ,RL_COMMON                     
AB57407                       ,DL_PM_TM_VBESAB01             ,RL_COMMON                     
AB60973                       ,DL_AA_TM_MAM_S                ,RL_COMMON                     
AB60973                       ,DL_AQI_GBD_PHI                ,RL_COMMON                     
AB60973                       ,DL_AQI_MBRSHP_PHI             ,RL_COMMON                     
AB60973                       ,DL_AQI_MDCR_QDM               ,RL_COMMON                     
AB60973                       ,DL_AQI_PHI                    ,RL_COMMON                     
AB60973                       ,DL_AQI_SL_IDW_PHI             ,RL_COMMON                     
AB60973                       ,DL_CLIN_AFF                   ,RL_COMMON                     
AB60973                       ,DL_DMS_PHI                    ,RL_COMMON                     
AB60973                       ,DL_PM_TM_VBESAB01             ,RL_COMMON                     
AB62314                       ,DL_AA_TM_MAM_S                ,RL_COMMON                     
AB62314                       ,DL_AQI_GBD_PHI                ,RL_COMMON                     
AB62314                       ,DL_AQI_MBRSHP_PHI             ,RL_COMMON                     
AB62314                       ,DL_AQI_MDCR_QDM               ,DATALAB_READ_DL_AQI_MDCR_PHI  
AB62314                       ,DL_AQI_MDCR_QDM               ,RL_COMMON                     
AB62314                       ,DL_AQI_PHI                    ,RL_COMMON                     
AB62314                       ,DL_AQI_SL_IDW_PHI             ,RL_COMMON                     
AB62314                       ,DL_CLIN_AFF                   ,RL_COMMON                     
AB62314                       ,DL_DMS_PHI                    ,RL_COMMON                     
AB62314                       ,DL_PM_TM_VBESAB01             ,RL_COMMON                     
AB67547                       ,DL_AA_TM_MAM_S                ,RL_COMMON                     
AB67547                       ,DL_AQI_GBD_PHI                ,RL_COMMON                     
AB67547                       ,DL_AQI_MBRSHP_PHI             ,RL_COMMON                     
AB67547                       ,DL_AQI_MDCR_QDM               ,RL_COMMON                     
AB67547                       ,DL_AQI_PHI                    ,RL_COMMON                     
AB67547                       ,DL_AQI_SL_IDW_PHI             ,RL_COMMON                     
AB67547                       ,DL_CLIN_AFF                   ,RL_COMMON                     
AB67547                       ,DL_DMS_PHI                    ,RL_COMMON                     
AB67547                       ,DL_PM_TM_VBESAB01             ,RL_COMMON                     
AB71407                       ,DL_AA_TM_MAM_S                ,RL_COMMON                     
AB71407                       ,DL_AQI_GBD_PHI                ,DATALAB_READ_DL_AQI_GBD_PHI   
AB71407                       ,DL_AQI_GBD_PHI                ,RL_COMMON                     
AB71407                       ,DL_AQI_MBRSHP_PHI             ,DATALAB_READ_DL_AQI_MBRSHP_PHI
AB71407                       ,DL_AQI_MBRSHP_PHI             ,RL_COMMON                     
AB71407                       ,DL_AQI_MDCR_QDM               ,RL_COMMON                     
AB71407                       ,DL_AQI_PHI                    ,RL_COMMON                     
AB71407                       ,DL_AQI_SL_IDW_PHI             ,RL_COMMON                     
AB71407                       ,DL_CLIN_AFF                   ,RL_COMMON                     
AB71407                       ,DL_DMS_PHI                    ,RL_COMMON                     
AB71407                       ,DL_PM_TM_VBESAB01             ,RL_COMMON                     
AB73356                       ,DL_AA_TM_MAM_S                ,RL_COMMON                     
AB73356                       ,DL_AQI_GBD_PHI                ,RL_COMMON                     
AB73356                       ,DL_AQI_MBRSHP_PHI             ,RL_COMMON                     
AB73356                       ,DL_AQI_MDCR_QDM               ,RL_COMMON                     
AB73356                       ,DL_AQI_PHI                    ,RL_COMMON                     
AB73356                       ,DL_AQI_SL_IDW_PHI             ,RL_COMMON                     
AB73356                       ,DL_CLIN_AFF                   ,RL_COMMON                     
AB73356                       ,DL_DMS_PHI                    ,DATALAB_ALL_DL_DMS_PHI        
AB73356                       ,DL_DMS_PHI                    ,RL_COMMON                     
AB73356                       ,DL_PM_TM_VBESAB01             ,RL_COMMON                     
AC28456                       ,DL_AA_TM_MAM_S                ,RL_COMMON                     
AC28456                       ,DL_AQI_GBD_PHI                ,RL_COMMON                     
AC28456                       ,DL_AQI_MBRSHP_PHI             ,RL_COMMON                     
AC28456                       ,DL_AQI_MDCR_QDM               ,RL_COMMON                     
AC28456                       ,DL_AQI_PHI                    ,RL_COMMON                     
AC28456                       ,DL_AQI_SL_IDW_PHI             ,RL_COMMON                     
AC28456                       ,DL_CLIN_AFF                   ,RL_COMMON                     
AC28456                       ,DL_DMS_PHI                    ,RL_COMMON                     
AC28456                       ,DL_PM_TM_VBESAB01             ,DATALAB_ALL_DL_PM_TM_VBESAB01 
AC28456                       ,DL_PM_TM_VBESAB01             ,RL_COMMON                     
AC32995                       ,DL_AA_TM_MAM_S                ,RL_COMMON                     
AC32995                       ,DL_AQI_GBD_PHI                ,DATALAB_READ_DL_AQI_GBD_PHI   
AC32995                       ,DL_AQI_GBD_PHI                ,RL_COMMON                     
AC32995                       ,DL_AQI_MBRSHP_PHI             ,DATALAB_READ_DL_AQI_MBRSHP_PHI
AC32995                       ,DL_AQI_MBRSHP_PHI             ,RL_COMMON                     
AC32995                       ,DL_AQI_MDCR_QDM               ,DATALAB_READ_DL_AQI_MDCR_PHI  
AC32995                       ,DL_AQI_MDCR_QDM               ,RL_COMMON                     
AC32995                       ,DL_AQI_PHI                    ,DATALAB_ALL_DL_AQI_PHI        
AC32995                       ,DL_AQI_PHI                    ,RL_COMMON                     
AC32995                       ,DL_AQI_SL_IDW_PHI             ,DATALAB_READ_DL_AQI_SL_IDW_PHI
AC32995                       ,DL_AQI_SL_IDW_PHI             ,RL_COMMON                     
AC32995                       ,DL_CLIN_AFF                   ,RL_COMMON                     
AC32995                       ,DL_DMS_PHI                    ,RL_COMMON                     
AC32995                       ,DL_PM_TM_VBESAB01             ,RL_COMMON                     
AC52213                       ,DL_AA_TM_MAM_S                ,RL_COMMON                     
AC52213                       ,DL_AQI_GBD_PHI                ,DATALAB_READ_DL_AQI_GBD_PHI   
AC52213                       ,DL_AQI_GBD_PHI                ,RL_COMMON                     
AC52213                       ,DL_AQI_MBRSHP_PHI             ,RL_COMMON                     
AC52213                       ,DL_AQI_MDCR_QDM               ,DATALAB_READ_DL_AQI_MDCR_PHI  
AC52213                       ,DL_AQI_MDCR_QDM               ,RL_COMMON                     
AC52213                       ,DL_AQI_PHI                    ,RL_COMMON                     
AC52213                       ,DL_AQI_SL_IDW_PHI             ,DATALAB_READ_DL_AQI_SL_IDW_PHI
AC52213                       ,DL_AQI_SL_IDW_PHI             ,RL_COMMON                     
AC52213                       ,DL_CLIN_AFF                   ,RL_COMMON                     
AC52213                       ,DL_DMS_PHI                    ,RL_COMMON                     
AC52213                       ,DL_PM_TM_VBESAB01             ,RL_COMMON                     
AC70715                       ,DL_AA_TM_MAM_S                ,RL_COMMON                     
AC70715                       ,DL_AQI_GBD_PHI                ,RL_COMMON                     
AC70715                       ,DL_AQI_MBRSHP_PHI             ,RL_COMMON                     
AC70715                       ,DL_AQI_MDCR_QDM               ,RL_COMMON                     
AC70715                       ,DL_AQI_PHI                    ,RL_COMMON                     
AC70715                       ,DL_AQI_SL_IDW_PHI             ,RL_COMMON                     
AC70715                       ,DL_CLIN_AFF                   ,RL_COMMON                     
AC70715                       ,DL_DMS_PHI                    ,RL_COMMON                     
AC70715                       ,DL_PM_TM_VBESAB01             ,RL_COMMON                     
AC80543                       ,DL_AA_TM_MAM_S                ,RL_COMMON                     
AC80543                       ,DL_AQI_GBD_PHI                ,RL_COMMON                     
AC80543                       ,DL_AQI_MBRSHP_PHI             ,RL_COMMON                     
AC80543                       ,DL_AQI_MDCR_QDM               ,RL_COMMON                     
AC80543                       ,DL_AQI_PHI                    ,RL_COMMON                     
AC80543                       ,DL_AQI_SL_IDW_PHI             ,RL_COMMON                     
AC80543                       ,DL_CLIN_AFF                   ,RL_COMMON                     
AC80543                       ,DL_DMS_PHI                    ,DATALAB_ALL_DL_DMS_PHI        
AC80543                       ,DL_DMS_PHI                    ,RL_COMMON                     
AC80543                       ,DL_PM_TM_VBESAB01             ,RL_COMMON                     
AC87374                       ,DL_AA_TM_MAM_S                ,RL_COMMON                     
AC87374                       ,DL_AQI_GBD_PHI                ,RL_COMMON                     
AC87374                       ,DL_AQI_MBRSHP_PHI             ,RL_COMMON                     
AC87374                       ,DL_AQI_MDCR_QDM               ,RL_COMMON                     
AC87374                       ,DL_AQI_PHI                    ,RL_COMMON                     
AC87374                       ,DL_AQI_SL_IDW_PHI             ,DATALAB_READ_DL_AQI_SL_IDW_PHI
AC87374                       ,DL_AQI_SL_IDW_PHI             ,RL_COMMON                     
AC87374                       ,DL_CLIN_AFF                   ,RL_COMMON                     
AC87374                       ,DL_DMS_PHI                    ,RL_COMMON                     
AC87374                       ,DL_PM_TM_VBESAB01             ,RL_COMMON                     
AC88552                       ,DL_AA_TM_MAM_S                ,RL_COMMON                     
AC88552                       ,DL_AQI_GBD_PHI                ,DATALAB_READ_DL_AQI_GBD_PHI   
AC88552                       ,DL_AQI_GBD_PHI                ,RL_COMMON                     
AC88552                       ,DL_AQI_MBRSHP_PHI             ,DATALAB_ALL_DL_AQI_MBRSHP_PHI 
AC88552                       ,DL_AQI_MBRSHP_PHI             ,RL_COMMON                     
AC88552                       ,DL_AQI_MDCR_QDM               ,DATALAB_ALL_DL_AQI_MDCR_PHI   
AC88552                       ,DL_AQI_MDCR_QDM               ,RL_COMMON                     
AC88552                       ,DL_AQI_PHI                    ,DATALAB_ALL_DL_AQI_PHI        
AC88552                       ,DL_AQI_PHI                    ,RL_COMMON                     
AC88552                       ,DL_AQI_SL_IDW_PHI             ,RL_COMMON                     
AC88552                       ,DL_CLIN_AFF                   ,RL_COMMON                     
AC88552                       ,DL_DMS_PHI                    ,RL_COMMON                     
AC88552                       ,DL_PM_TM_VBESAB01             ,RL_COMMON                     
AC88808                       ,DL_AA_TM_MAM_S                ,RL_COMMON                     
AC88808                       ,DL_AQI_GBD_PHI                ,RL_COMMON                     
AC88808                       ,DL_AQI_MBRSHP_PHI             ,RL_COMMON                     
AC88808                       ,DL_AQI_MDCR_QDM               ,RL_COMMON                     
AC88808                       ,DL_AQI_PHI                    ,RL_COMMON                     
AC88808                       ,DL_AQI_SL_IDW_PHI             ,RL_COMMON                     
AC88808                       ,DL_CLIN_AFF                   ,RL_COMMON                     
AC88808                       ,DL_DMS_PHI                    ,RL_COMMON                     
AC88808                       ,DL_PM_TM_VBESAB01             ,RL_COMMON                     
AC90100                       ,DL_AA_TM_MAM_S                ,RL_COMMON                     
AC90100                       ,DL_AQI_GBD_PHI                ,DATALAB_READ_DL_AQI_GBD_PHI   
AC90100                       ,DL_AQI_GBD_PHI                ,RL_COMMON                     
AC90100                       ,DL_AQI_MBRSHP_PHI             ,DATALAB_ALL_DL_AQI_MBRSHP_PHI 
AC90100                       ,DL_AQI_MBRSHP_PHI             ,DATALAB_READ_DL_AQI_MBRSHP_PHI
AC90100                       ,DL_AQI_MBRSHP_PHI             ,RL_COMMON                     
AC90100                       ,DL_AQI_MDCR_QDM               ,DATALAB_ALL_DL_AQI_MDCR_PHI   
AC90100                       ,DL_AQI_MDCR_QDM               ,DATALAB_READ_DL_AQI_MDCR_PHI  
AC90100                       ,DL_AQI_MDCR_QDM               ,RL_COMMON                     
AC90100                       ,DL_AQI_PHI                    ,DATALAB_ALL_DL_AQI_PHI        
AC90100                       ,DL_AQI_PHI                    ,RL_COMMON                     
AC90100                       ,DL_AQI_SL_IDW_PHI             ,RL_COMMON                     
AC90100                       ,DL_CLIN_AFF                   ,RL_COMMON                     
AC90100                       ,DL_DMS_PHI                    ,RL_COMMON                     
AC90100                       ,DL_PM_TM_VBESAB01             ,RL_COMMON                     
AC90531                       ,DL_AA_TM_MAM_S                ,RL_COMMON                     
AC90531                       ,DL_AQI_GBD_PHI                ,DATALAB_READ_DL_AQI_GBD_PHI   
AC90531                       ,DL_AQI_GBD_PHI                ,DATALAB_READ_DL_AQI_PHI       
AC90531                       ,DL_AQI_GBD_PHI                ,RL_COMMON                     
AC90531                       ,DL_AQI_MBRSHP_PHI             ,DATALAB_READ_DL_AQI_MBRSHP_PHI
AC90531                       ,DL_AQI_MBRSHP_PHI             ,RL_COMMON                     
AC90531                       ,DL_AQI_MDCR_QDM               ,DATALAB_ALL_DL_AQI_MDCR_PHI   
AC90531                       ,DL_AQI_MDCR_QDM               ,DATALAB_READ_DL_AQI_MDCR_PHI  
AC90531                       ,DL_AQI_MDCR_QDM               ,RL_COMMON                     
AC90531                       ,DL_AQI_PHI                    ,DATALAB_READ_DL_AQI_PHI       
AC90531                       ,DL_AQI_PHI                    ,RL_COMMON                     
AC90531                       ,DL_AQI_SL_IDW_PHI             ,RL_COMMON                     
AC90531                       ,DL_CLIN_AFF                   ,RL_COMMON                     
AC90531                       ,DL_DMS_PHI                    ,RL_COMMON                     
AC90531                       ,DL_PM_TM_VBESAB01             ,RL_COMMON                     
AC91274                       ,DL_AA_TM_MAM_S                ,RL_COMMON                     
AC91274                       ,DL_AQI_GBD_PHI                ,RL_COMMON                     
AC91274                       ,DL_AQI_MBRSHP_PHI             ,RL_COMMON                     
AC91274                       ,DL_AQI_MDCR_QDM               ,RL_COMMON                     
AC91274                       ,DL_AQI_PHI                    ,RL_COMMON                     
AC91274                       ,DL_AQI_SL_IDW_PHI             ,RL_COMMON                     
AC91274                       ,DL_CLIN_AFF                   ,RL_COMMON                     
AC91274                       ,DL_DMS_PHI                    ,RL_COMMON                     
AC91274                       ,DL_PM_TM_VBESAB01             ,RL_COMMON                     
AC93013                       ,DL_AA_TM_MAM_S                ,RL_COMMON                     
AC93013                       ,DL_AQI_GBD_PHI                ,RL_COMMON                     
AC93013                       ,DL_AQI_MBRSHP_PHI             ,RL_COMMON                     
AC93013                       ,DL_AQI_MDCR_QDM               ,RL_COMMON                     
AC93013                       ,DL_AQI_PHI                    ,RL_COMMON                     
AC93013                       ,DL_AQI_SL_IDW_PHI             ,RL_COMMON                     
AC93013                       ,DL_CLIN_AFF                   ,RL_COMMON                     
AC93013                       ,DL_DMS_PHI                    ,RL_COMMON                     
AC93013                       ,DL_PM_TM_VBESAB01             ,DATALAB_ALL_DL_PM_TM_VBESAB01 
AC93013                       ,DL_PM_TM_VBESAB01             ,RL_COMMON                     
AD08780                       ,DL_AA_TM_MAM_S                ,RL_COMMON                     
AD08780                       ,DL_AQI_GBD_PHI                ,RL_COMMON                     
AD08780                       ,DL_AQI_MBRSHP_PHI             ,DATALAB_READ_DL_AQI_MBRSHP_PHI
AD08780                       ,DL_AQI_MBRSHP_PHI             ,RL_COMMON                     
AD08780                       ,DL_AQI_MDCR_QDM               ,RL_COMMON                     
AD08780                       ,DL_AQI_PHI                    ,RL_COMMON                     
AD08780                       ,DL_AQI_SL_IDW_PHI             ,RL_COMMON                     
AD08780                       ,DL_CLIN_AFF                   ,RL_COMMON                     
AD08780                       ,DL_DMS_PHI                    ,RL_COMMON                     
AD08780                       ,DL_PM_TM_VBESAB01             ,RL_COMMON                     
AD29587                       ,DL_AA_TM_MAM_S                ,RL_COMMON                     
AD29587                       ,DL_AQI_GBD_PHI                ,RL_COMMON                     
AD29587                       ,DL_AQI_MBRSHP_PHI             ,RL_COMMON                     
AD29587                       ,DL_AQI_MDCR_QDM               ,RL_COMMON                     
AD29587                       ,DL_AQI_PHI                    ,RL_COMMON                     
AD29587                       ,DL_AQI_SL_IDW_PHI             ,RL_COMMON                     
AD29587                       ,DL_CLIN_AFF                   ,RL_COMMON                     
AD29587                       ,DL_DMS_PHI                    ,RL_COMMON                     
AD29587                       ,DL_PM_TM_VBESAB01             ,DATALAB_ALL_DL_PM_TM_VBESAB01 
AD29587                       ,DL_PM_TM_VBESAB01             ,RL_COMMON                     
AD33232                       ,DL_AA_TM_MAM_S                ,RL_COMMON                     
AD33232                       ,DL_AQI_GBD_PHI                ,RL_COMMON                     
AD33232                       ,DL_AQI_MBRSHP_PHI             ,RL_COMMON                     
AD33232                       ,DL_AQI_MDCR_QDM               ,RL_COMMON                     
AD33232                       ,DL_AQI_PHI                    ,RL_COMMON                     
AD33232                       ,DL_AQI_SL_IDW_PHI             ,RL_COMMON                     
AD33232                       ,DL_CLIN_AFF                   ,RL_COMMON                     
AD33232                       ,DL_DMS_PHI                    ,DATALAB_ALL_DL_DMS_PHI        
AD33232                       ,DL_DMS_PHI                    ,RL_COMMON                     
AD33232                       ,DL_PM_TM_VBESAB01             ,RL_COMMON                     
AD34983                       ,DL_AA_TM_MAM_S                ,RL_COMMON                     
AD34983                       ,DL_AQI_GBD_PHI                ,RL_COMMON                     
AD34983                       ,DL_AQI_MBRSHP_PHI             ,RL_COMMON                     
AD34983                       ,DL_AQI_MDCR_QDM               ,RL_COMMON                     
AD34983                       ,DL_AQI_PHI                    ,RL_COMMON                     
AD34983                       ,DL_AQI_SL_IDW_PHI             ,RL_COMMON                     
AD34983                       ,DL_CLIN_AFF                   ,RL_COMMON                     
AD34983                       ,DL_DMS_PHI                    ,RL_COMMON                     
AD34983                       ,DL_PM_TM_VBESAB01             ,DATALAB_ALL_DL_PM_TM_VBESAB01 
AD34983                       ,DL_PM_TM_VBESAB01             ,RL_COMMON                     
AD35682                       ,DL_AA_TM_MAM_S                ,RL_COMMON                     
AD35682                       ,DL_AQI_GBD_PHI                ,DATALAB_READ_DL_AQI_PHI       
AD35682                       ,DL_AQI_GBD_PHI                ,RL_COMMON                     
AD35682                       ,DL_AQI_MBRSHP_PHI             ,RL_COMMON                     
AD35682                       ,DL_AQI_MDCR_QDM               ,RL_COMMON                     
AD35682                       ,DL_AQI_PHI                    ,DATALAB_ALL_DL_AQI_PHI        
AD35682                       ,DL_AQI_PHI                    ,DATALAB_READ_DL_AQI_PHI       
AD35682                       ,DL_AQI_PHI                    ,RL_COMMON                     
AD35682                       ,DL_AQI_SL_IDW_PHI             ,RL_COMMON                     
AD35682                       ,DL_CLIN_AFF                   ,RL_COMMON                     
AD35682                       ,DL_DMS_PHI                    ,RL_COMMON                     
AD35682                       ,DL_PM_TM_VBESAB01             ,RL_COMMON                     
AD39075                       ,DL_AA_TM_MAM_S                ,RL_COMMON                     
AD39075                       ,DL_AQI_GBD_PHI                ,RL_COMMON                     
AD39075                       ,DL_AQI_MBRSHP_PHI             ,RL_COMMON                     
AD39075                       ,DL_AQI_MDCR_QDM               ,RL_COMMON                     
AD39075                       ,DL_AQI_PHI                    ,RL_COMMON                     
AD39075                       ,DL_AQI_SL_IDW_PHI             ,RL_COMMON                     
AD39075                       ,DL_CLIN_AFF                   ,RL_COMMON                     
AD39075                       ,DL_DMS_PHI                    ,DATALAB_ALL_DL_DMS_PHI        
AD39075                       ,DL_DMS_PHI                    ,RL_COMMON                     
AD39075                       ,DL_PM_TM_VBESAB01             ,RL_COMMON                     
AD42417                       ,DL_AA_TM_MAM_S                ,RL_COMMON                     
AD42417                       ,DL_AQI_GBD_PHI                ,RL_COMMON                     
AD42417                       ,DL_AQI_MBRSHP_PHI             ,RL_COMMON                     
AD42417                       ,DL_AQI_MDCR_QDM               ,RL_COMMON                     
AD42417                       ,DL_AQI_PHI                    ,RL_COMMON                     
AD42417                       ,DL_AQI_SL_IDW_PHI             ,RL_COMMON                     
AD42417                       ,DL_CLIN_AFF                   ,RL_COMMON                     
AD42417                       ,DL_DMS_PHI                    ,RL_COMMON                     
AD42417                       ,DL_PM_TM_VBESAB01             ,DATALAB_READ_DL_PM_TM_VBESAB01
AD42417                       ,DL_PM_TM_VBESAB01             ,RL_COMMON                     
AD59256                       ,DL_AA_TM_MAM_S                ,RL_COMMON                     
AD59256                       ,DL_AQI_GBD_PHI                ,DATALAB_READ_DL_AQI_PHI       
AD59256                       ,DL_AQI_GBD_PHI                ,RL_COMMON                     
AD59256                       ,DL_AQI_MBRSHP_PHI             ,RL_COMMON                     
AD59256                       ,DL_AQI_MDCR_QDM               ,RL_COMMON                     
AD59256                       ,DL_AQI_PHI                    ,DATALAB_READ_DL_AQI_PHI       
AD59256                       ,DL_AQI_PHI                    ,RL_COMMON                     
AD59256                       ,DL_AQI_SL_IDW_PHI             ,DATALAB_READ_DL_AQI_SL_IDW_PHI
AD59256                       ,DL_AQI_SL_IDW_PHI             ,RL_COMMON                     
AD59256                       ,DL_CLIN_AFF                   ,RL_COMMON                     
AD59256                       ,DL_DMS_PHI                    ,RL_COMMON                     
AD59256                       ,DL_PM_TM_VBESAB01             ,RL_COMMON                     
AD74847                       ,DL_AA_TM_MAM_S                ,RL_COMMON                     
AD74847                       ,DL_AQI_GBD_PHI                ,RL_COMMON                     
AD74847                       ,DL_AQI_MBRSHP_PHI             ,RL_COMMON                     
AD74847                       ,DL_AQI_MDCR_QDM               ,RL_COMMON                     
AD74847                       ,DL_AQI_PHI                    ,RL_COMMON                     
AD74847                       ,DL_AQI_SL_IDW_PHI             ,RL_COMMON                     
AD74847                       ,DL_CLIN_AFF                   ,RL_COMMON                     
AD74847                       ,DL_DMS_PHI                    ,RL_COMMON                     
AD74847                       ,DL_PM_TM_VBESAB01             ,RL_COMMON                     
AD84558                       ,DL_AA_TM_MAM_S                ,RL_COMMON                     
AD84558                       ,DL_AQI_GBD_PHI                ,DATALAB_READ_DL_AQI_PHI       
AD84558                       ,DL_AQI_GBD_PHI                ,RL_COMMON                     
AD84558                       ,DL_AQI_MBRSHP_PHI             ,DATALAB_READ_DL_AQI_MBRSHP_PHI
AD84558                       ,DL_AQI_MBRSHP_PHI             ,RL_COMMON                     
AD84558                       ,DL_AQI_MDCR_QDM               ,DATALAB_READ_DL_AQI_MDCR_PHI  
AD84558                       ,DL_AQI_MDCR_QDM               ,RL_COMMON                     
AD84558                       ,DL_AQI_PHI                    ,DATALAB_ALL_DL_AQI_PHI        
AD84558                       ,DL_AQI_PHI                    ,DATALAB_READ_DL_AQI_PHI       
AD84558                       ,DL_AQI_PHI                    ,RL_COMMON                     
AD84558                       ,DL_AQI_SL_IDW_PHI             ,DATALAB_READ_DL_AQI_SL_IDW_PHI
AD84558                       ,DL_AQI_SL_IDW_PHI             ,RL_COMMON                     
AD84558                       ,DL_CLIN_AFF                   ,RL_COMMON                     
AD84558                       ,DL_DMS_PHI                    ,RL_COMMON                     
AD84558                       ,DL_PM_TM_VBESAB01             ,RL_COMMON                     
AD84918                       ,DL_AA_TM_MAM_S                ,RL_COMMON                     
AD84918                       ,DL_AQI_GBD_PHI                ,RL_COMMON                     
AD84918                       ,DL_AQI_MBRSHP_PHI             ,RL_COMMON                     
AD84918                       ,DL_AQI_MDCR_QDM               ,RL_COMMON                     
AD84918                       ,DL_AQI_PHI                    ,RL_COMMON                     
AD84918                       ,DL_AQI_SL_IDW_PHI             ,RL_COMMON                     
AD84918                       ,DL_CLIN_AFF                   ,RL_COMMON                     
AD84918                       ,DL_DMS_PHI                    ,DATALAB_ALL_DL_DMS_PHI        
AD84918                       ,DL_DMS_PHI                    ,RL_COMMON                     
AD84918                       ,DL_PM_TM_VBESAB01             ,RL_COMMON                     
AE00295                       ,DL_AA_TM_MAM_S                ,RL_COMMON                     
AE00295                       ,DL_AQI_GBD_PHI                ,DATALAB_READ_DL_AQI_GBD_PHI   
AE00295                       ,DL_AQI_GBD_PHI                ,DATALAB_READ_DL_AQI_PHI       
AE00295                       ,DL_AQI_GBD_PHI                ,RL_COMMON                     
AE00295                       ,DL_AQI_MBRSHP_PHI             ,DATALAB_ALL_DL_AQI_MBRSHP_PHI 
AE00295                       ,DL_AQI_MBRSHP_PHI             ,RL_COMMON                     
AE00295                       ,DL_AQI_MDCR_QDM               ,DATALAB_ALL_DL_AQI_MDCR_PHI   
AE00295                       ,DL_AQI_MDCR_QDM               ,DATALAB_READ_DL_AQI_MDCR_PHI  
AE00295                       ,DL_AQI_MDCR_QDM               ,RL_COMMON                     
AE00295                       ,DL_AQI_PHI                    ,DATALAB_ALL_DL_AQI_PHI        
AE00295                       ,DL_AQI_PHI                    ,DATALAB_READ_DL_AQI_PHI       
AE00295                       ,DL_AQI_PHI                    ,RL_COMMON                     
AE00295                       ,DL_AQI_SL_IDW_PHI             ,DATALAB_READ_DL_AQI_SL_IDW_PHI
AE00295                       ,DL_AQI_SL_IDW_PHI             ,RL_COMMON                     
AE00295                       ,DL_CLIN_AFF                   ,RL_COMMON                     
AE00295                       ,DL_DMS_PHI                    ,RL_COMMON                     
AE00295                       ,DL_PM_TM_VBESAB01             ,RL_COMMON                     
AE01573                       ,DL_AA_TM_MAM_S                ,RL_COMMON                     
AE01573                       ,DL_AQI_GBD_PHI                ,RL_COMMON                     
AE01573                       ,DL_AQI_MBRSHP_PHI             ,RL_COMMON                     
AE01573                       ,DL_AQI_MDCR_QDM               ,RL_COMMON                     
AE01573                       ,DL_AQI_PHI                    ,RL_COMMON                     
AE01573                       ,DL_AQI_SL_IDW_PHI             ,RL_COMMON                     
AE01573                       ,DL_CLIN_AFF                   ,RL_COMMON                     
AE01573                       ,DL_DMS_PHI                    ,RL_COMMON                     
AE01573                       ,DL_PM_TM_VBESAB01             ,RL_COMMON                     
AE06244                       ,DL_AA_TM_MAM_S                ,RL_COMMON                     
AE06244                       ,DL_AQI_GBD_PHI                ,RL_COMMON                     
AE06244                       ,DL_AQI_MBRSHP_PHI             ,RL_COMMON                     
AE06244                       ,DL_AQI_MDCR_QDM               ,RL_COMMON                     
AE06244                       ,DL_AQI_PHI                    ,RL_COMMON                     
AE06244                       ,DL_AQI_SL_IDW_PHI             ,RL_COMMON                     
AE06244                       ,DL_CLIN_AFF                   ,RL_COMMON                     
AE06244                       ,DL_DMS_PHI                    ,RL_COMMON                     
AE06244                       ,DL_PM_TM_VBESAB01             ,DATALAB_ALL_DL_PM_TM_VBESAB01 
AE06244                       ,DL_PM_TM_VBESAB01             ,DATALAB_READ_DL_PM_TM_VBESAB01
AE06244                       ,DL_PM_TM_VBESAB01             ,RL_COMMON                     
AE06784                       ,DL_AA_TM_MAM_S                ,RL_COMMON                     
AE06784                       ,DL_AQI_GBD_PHI                ,RL_COMMON                     
AE06784                       ,DL_AQI_MBRSHP_PHI             ,RL_COMMON                     
AE06784                       ,DL_AQI_MDCR_QDM               ,RL_COMMON                     
AE06784                       ,DL_AQI_PHI                    ,RL_COMMON                     
AE06784                       ,DL_AQI_SL_IDW_PHI             ,RL_COMMON                     
AE06784                       ,DL_CLIN_AFF                   ,RL_COMMON                     
AE06784                       ,DL_DMS_PHI                    ,RL_COMMON                     
AE06784                       ,DL_PM_TM_VBESAB01             ,RL_COMMON                     
AE08291                       ,DL_AA_TM_MAM_S                ,RL_COMMON                     
AE08291                       ,DL_AQI_GBD_PHI                ,DATALAB_READ_DL_AQI_GBD_PHI   
AE08291                       ,DL_AQI_GBD_PHI                ,RL_COMMON                     
AE08291                       ,DL_AQI_MBRSHP_PHI             ,RL_COMMON                     
AE08291                       ,DL_AQI_MDCR_QDM               ,DATALAB_READ_DL_AQI_MDCR_PHI  
AE08291                       ,DL_AQI_MDCR_QDM               ,RL_COMMON                     
AE08291                       ,DL_AQI_PHI                    ,DATALAB_ALL_DL_AQI_PHI        
AE08291                       ,DL_AQI_PHI                    ,RL_COMMON                     
AE08291                       ,DL_AQI_SL_IDW_PHI             ,RL_COMMON                     
AE08291                       ,DL_CLIN_AFF                   ,RL_COMMON                     
AE08291                       ,DL_DMS_PHI                    ,RL_COMMON                     
AE08291                       ,DL_PM_TM_VBESAB01             ,RL_COMMON                     
AF18413                       ,DL_AA_TM_MAM_S                ,RL_COMMON                     
AF18413                       ,DL_AQI_GBD_PHI                ,RL_COMMON                     
AF18413                       ,DL_AQI_MBRSHP_PHI             ,RL_COMMON                     
AF18413                       ,DL_AQI_MDCR_QDM               ,RL_COMMON                     
AF18413                       ,DL_AQI_PHI                    ,RL_COMMON                     
AF18413                       ,DL_AQI_SL_IDW_PHI             ,RL_COMMON                     
AF18413                       ,DL_CLIN_AFF                   ,RL_COMMON                     
AF18413                       ,DL_DMS_PHI                    ,DATALAB_ALL_DL_DMS_PHI        
AF18413                       ,DL_DMS_PHI                    ,RL_COMMON                     
AF18413                       ,DL_PM_TM_VBESAB01             ,RL_COMMON                     
AF29118                       ,DL_AA_TM_MAM_S                ,RL_COMMON                     
AF29118                       ,DL_AQI_GBD_PHI                ,RL_COMMON                     
