UserName,ObjectDatabaseName,MaxLogDate,QueryCount,,,,,,,,,
AC32995,DL_AQI_MBRSHP_PHI,9/30/2026,136,,,,,,,,AA02367,"'AA02367',"
AB71407,DL_AQI_MBRSHP_PHI,9/23/2026,16,,,,,,,,AA26266,"'AA26266',"
AL47967,DL_AQI_MBRSHP_PHI,9/30/2026,208,,,,,,,,AA26884,"'AA26884',"
AE00295,DL_AQI_MBRSHP_PHI,9/21/2026,290,,,,,,,,AA38826,"'AA38826',"
DBAPROC,DL_AQI_MBRSHP_PHI,6/29/2026,2,,,,,,,,AA54619,"'AA54619',"
COLLSTAT,DL_AQI_MBRSHP_PHI,7/25/2026,2,,,,,,,,AA56783,"'AA56783',"
AA26884,DL_AQI_MBRSHP_PHI,9/27/2026,"1,082",,,,,,,,AA84996,"'AA84996',"
AC90100,DL_AQI_MBRSHP_PHI,9/30/2026,68,,,,,,,,AA97660,"'AA97660',"
AD08780,DL_AQI_MBRSHP_PHI,8/13/2026,19,,,,,,,,AA98466,"'AA98466',"
AD38312,DL_AQI_MBRSHP_PHI,4/9/2025,1,,,,,,,,AB02412,"'AB02412',"
AA98466,DL_AQI_MBRSHP_PHI,9/22/2026,75,,,,,,,,AB21599,"'AB21599',"
SRCLABDATACPY,DL_AQI_MBRSHP_PHI,8/24/2026,14,,,,,,,,AB36495,"'AB36495',"
AH16388,DL_AQI_MBRSHP_PHI,9/23/2026,116,,,,,,,,AB57152,"'AB57152',"
ROSICSW,DL_AQI_MBRSHP_PHI,9/28/2026,918,,,,,,,,AB57407,"'AB57407',"
AD84558,DL_AQI_MBRSHP_PHI,11/20/2025,6,,,,,,,,AB60973,"'AB60973',"
DBAPROC,DL_CLIN_AFF,6/29/2026,4,,,,,,,,AB62314,"'AB62314',"
COLLSTAT,DL_CLIN_AFF,7/19/2025,11,,,,,,,,AB67547,"'AB67547',"
AL30091,DL_CLIN_AFF,7/24/2026,"5,420",,,,,,,,AB71407,"'AB71407',"
AC32995,DL_AQI_SL_IDW_PHI,9/30/2026,65,,,,,,,,AB73356,"'AB73356',"
AD59256,DL_AQI_SL_IDW_PHI,9/9/2026,350,,,,,,,,AB75921,"'AB75921',"
AH20955,DL_AQI_SL_IDW_PHI,6/16/2026,17,,,,,,,,AC28456,"'AC28456',"
AE00295,DL_AQI_SL_IDW_PHI,9/21/2026,332,,,,,,,,AC32995,"'AC32995',"
AC52213,DL_AQI_SL_IDW_PHI,6/18/2025,9,,,,,,,,AC52213,"'AC52213',"
AC70715,DL_AQI_SL_IDW_PHI,5/27/2025,2,,,,,,,,AC70715,"'AC70715',"
AB02412,DL_AQI_SL_IDW_PHI,9/28/2026,639,,,,,,,,AC80543,"'AC80543',"
HPSV13,DL_AQI_SL_IDW_PHI,8/2/2026,186,,,,,,,,AC87374,"'AC87374',"
AF97785,DL_AQI_SL_IDW_PHI,2/17/2026,"4,586",,,,,,,,AC88552,"'AC88552',"
DBAPROC,DL_AQI_SL_IDW_PHI,6/28/2026,17,,,,,,,,AC88717,"'AC88717',"
AG24005,DL_AQI_SL_IDW_PHI,3/18/2026,385,,,,,,,,AC88808,"'AC88808',"
COLLSTAT,DL_AQI_SL_IDW_PHI,12/6/2025,19,,,,,,,,AC90100,"'AC90100',"
AA26884,DL_AQI_SL_IDW_PHI,5/15/2026,8,,,,,,,,AC90531,"'AC90531',"
AG28963,DL_AQI_SL_IDW_PHI,7/15/2026,13,,,,,,,,AC91274,"'AC91274',"
AF34392,DL_AQI_SL_IDW_PHI,7/23/2026,45,,,,,,,,AC93013,"'AC93013',"
AH72466,DL_AQI_SL_IDW_PHI,2/2/2026,1,,,,,,,,AD08780,"'AD08780',"
WIECKSH,DL_AQI_SL_IDW_PHI,4/23/2026,35,,,,,,,,AD29587,"'AD29587',"
AC87374,DL_AQI_SL_IDW_PHI,5/12/2026,155,,,,,,,,AD33232,"'AD33232',"
AA98466,DL_AQI_SL_IDW_PHI,9/22/2026,103,,,,,,,,AD34983,"'AD34983',"
SRCLABDATACPY,DL_AQI_SL_IDW_PHI,8/24/2026,10,,,,,,,,AD35682,"'AD35682',"
IPCM18,DL_AQI_SL_IDW_PHI,9/22/2026,351,,,,,,,,AD38312,"'AD38312',"
AH16388,DL_AQI_SL_IDW_PHI,9/23/2026,116,,,,,,,,AD39075,"'AD39075',"
ROSICSW,DL_AQI_SL_IDW_PHI,9/22/2026,821,,,,,,,,AD42417,"'AD42417',"
AD84558,DL_AQI_SL_IDW_PHI,9/22/2026,67,,,,,,,,AD59256,"'AD59256',"
AD90607,DL_AQI_MDCR_QDM,1/13/2026,367,,,,,,,,AD74847,"'AD74847',"
AE08291,DL_AQI_MDCR_QDM,4/20/2026,13,,,,,,,,AD84558,"'AD84558',"
AM03812,DL_AQI_MDCR_QDM,11/6/2025,14,,,,,,,,AD84918,"'AD84918',"
AE00295,DL_AQI_MDCR_QDM,4/2/2026,"152,419",,,,,,,,AD90607,"'AD90607',"
AC52213,DL_AQI_MDCR_QDM,3/6/2026,369,,,,,,,,AE00295,"'AE00295',"
AL49802,DL_AQI_MDCR_QDM,2/2/2026,248,,,,,,,,AE01573,"'AE01573',"
AC70715,DL_AQI_MDCR_QDM,6/5/2025,3,,,,,,,,AE06244,"'AE06244',"
DBAPROC,DL_AQI_MDCR_QDM,6/28/2026,31,,,,,,,,AE06784,"'AE06784',"
AL32363,DL_AQI_MDCR_QDM,3/25/2026,304,,,,,,,,AE08291,"'AE08291',"
AB67547,DL_AQI_MDCR_QDM,3/15/2026,2,,,,,,,,AF04696,"'AF04696',"
COLLSTAT,DL_AQI_MDCR_QDM,7/19/2025,15,,,,,,,,AF05674,"'AF05674',"
AA26884,DL_AQI_MDCR_QDM,6/16/2026,489,,,,,,,,AF18413,"'AF18413',"
AC90531,DL_AQI_MDCR_QDM,6/2/2026,482,,,,,,,,AF29118,"'AF29118',"
AH72466,DL_AQI_MDCR_QDM,2/16/2026,5,,,,,,,,AF31875,"'AF31875',"
AC90100,DL_AQI_MDCR_QDM,9/30/2026,"1,044",,,,,,,,AF33991,"'AF33991',"
AL35587,DL_AQI_MDCR_QDM,6/4/2026,20,,,,,,,,AF34392,"'AF34392',"
AH56552,DL_AQI_MDCR_QDM,3/24/2026,60,,,,,,,,AF42535,"'AF42535',"
DBC,DL_AQI_MDCR_QDM,9/3/2026,3,,,,,,,,AF43151,"'AF43151',"
AC88552,DL_AQI_MDCR_QDM,5/18/2026,"78,256",,,,,,,,AF54257,"'AF54257',"
AB62314,DL_AQI_MDCR_QDM,9/30/2026,453,,,,,,,,AF61948,"'AF61948',"
SRCLABDATACPY,DL_AQI_MDCR_QDM,9/3/2026,668,,,,,,,,AF62488,"'AF62488',"
IPCM18,DL_AQI_MDCR_QDM,7/30/2026,63,,,,,,,,AF65477,"'AF65477',"
AA38826,DL_AQI_MDCR_QDM,3/12/2026,93,,,,,,,,AF67451,"'AF67451',"
ROSICSW,DL_AQI_MDCR_QDM,3/25/2026,3,,,,,,,,AF75104,"'AF75104',"
AF83935,DL_AQI_MDCR_QDM,9/11/2025,91,,,,,,,,AF82192,"'AF82192',"
AD90607,DL_AQI_GBD_PHI,1/13/2026,84,,,,,,,,AF83935,"'AF83935',"
AA26266,DL_AQI_GBD_PHI,9/18/2025,70,,,,,,,,AF85716,"'AF85716',"
AG76768,DL_AQI_GBD_PHI,9/28/2026,"1,577",,,,,,,,AF87391,"'AF87391',"
AN997635AD,DL_AQI_GBD_PHI,3/30/2025,4,,,,,,,,AF97785,"'AF97785',"
AE00295,DL_AQI_GBD_PHI,9/19/2025,14,,,,,,,,AG10664,"'AG10664',"
AC52213,DL_AQI_GBD_PHI,8/12/2026,432,,,,,,,,AG11940,"'AG11940',"
AC70715,DL_AQI_GBD_PHI,7/31/2025,56,,,,,,,,AG22890,"'AG22890',"
AF87391,DL_AQI_GBD_PHI,8/20/2025,7,,,,,,,,AG23264,"'AG23264',"
AB02412,DL_AQI_GBD_PHI,9/28/2026,323,,,,,,,,AG24005,"'AG24005',"
DBAPROC,DL_AQI_GBD_PHI,6/29/2026,118,,,,,,,,AG28963,"'AG28963',"
COLLSTAT,DL_AQI_GBD_PHI,6/6/2026,95,,,,,,,,AG38820,"'AG38820',"
AA26884,DL_AQI_GBD_PHI,5/15/2026,37,,,,,,,,AG70224,"'AG70224',"
AC90531,DL_AQI_GBD_PHI,2/13/2026,65,,,,,,,,AG71221,"'AG71221',"
AH72466,DL_AQI_GBD_PHI,8/25/2026,10,,,,,,,,AG76768,"'AG76768',"
AC90100,DL_AQI_GBD_PHI,1/22/2026,100,,,,,,,,AH16388,"'AH16388',"
WIECKSH,DL_AQI_GBD_PHI,3/30/2026,3,,,,,,,,AH20955,"'AH20955',"
AG10664,DL_AQI_GBD_PHI,11/19/2025,60,,,,,,,,AH51207,"'AH51207',"
AH54096,DL_AQI_GBD_PHI,9/16/2026,19,,,,,,,,AH52387,"'AH52387',"
AH59656,DL_AQI_GBD_PHI,6/30/2026,747,,,,,,,,AH54096,"'AH54096',"
DBC,DL_AQI_GBD_PHI,9/27/2026,79,,,,,,,,AH56552,"'AH56552',"
AC88552,DL_AQI_GBD_PHI,2/17/2026,248,,,,,,,,AH59656,"'AH59656',"
AL99507,DL_AQI_GBD_PHI,10/23/2025,29,,,,,,,,AH72466,"'AH72466',"
IPCM18,DL_AQI_GBD_PHI,9/18/2026,219,,,,,,,,AL30091,"'AL30091',"
ROSICSW,DL_AQI_GBD_PHI,9/24/2026,"16,398",,,,,,,,AL32363,"'AL32363',"
AD84558,DL_AQI_GBD_PHI,7/30/2026,1,,,,,,,,AL35587,"'AL35587',"
AM85808,DL_PM_TM_VBESAB01,9/23/2026,1,,,,,,,,AL44531,"'AL44531',"
AF61948,DL_PM_TM_VBESAB01,4/3/2026,69,,,,,,,,AL46704,"'AL46704',"
AG22890,DL_PM_TM_VBESAB01,9/1/2026,16,,,,,,,,AL47338,"'AL47338',"
AF31875,DL_PM_TM_VBESAB01,9/4/2025,93,,,,,,,,AL47967,"'AL47967',"
AL95783,DL_PM_TM_VBESAB01,9/12/2025,9,,,,,,,,AL49802,"'AL49802',"
AB75921,DL_PM_TM_VBESAB01,5/6/2026,67,,,,,,,,AL93414,"'AL93414',"
AD34983,DL_PM_TM_VBESAB01,3/17/2026,31,,,,,,,,AL95413,"'AL95413',"
AC93013,DL_PM_TM_VBESAB01,1/28/2026,2,,,,,,,,AL95783,"'AL95783',"
AA56783,DL_PM_TM_VBESAB01,7/20/2026,23,,,,,,,,AL99507,"'AL99507',"
AC91274,DL_PM_TM_VBESAB01,12/2/2025,8,,,,,,,,AM03812,"'AM03812',"
AM84597,DL_PM_TM_VBESAB01,9/23/2026,1,,,,,,,,AM45487,"'AM45487',"
AF42535,DL_PM_TM_VBESAB01,9/22/2026,"2,006",,,,,,,,AM45488,"'AM45488',"
SIMMSKR,DL_PM_TM_VBESAB01,4/16/2025,60,,,,,,,,AM45489,"'AM45489',"
AC28456,DL_PM_TM_VBESAB01,12/23/2025,11,,,,,,,,AM80065,"'AM80065',"
DBAPROC,DL_PM_TM_VBESAB01,6/29/2026,3,,,,,,,,AM84597,"'AM84597',"
AB36495,DL_PM_TM_VBESAB01,7/2/2025,10,,,,,,,,AM84604,"'AM84604',"
ZULHY66,DL_PM_TM_VBESAB01,8/3/2026,"1,561,786",,,,,,,,AM85808,"'AM85808',"
AL47338,DL_PM_TM_VBESAB01,4/3/2026,3,,,,,,,,AN311679AD,"'AN311679AD',"
AE06244,DL_PM_TM_VBESAB01,7/20/2026,"9,073",,,,,,,,AN366039AD,"'AN366039AD',"
AF04696,DL_PM_TM_VBESAB01,4/29/2025,25,,,,,,,,AN396909AD,"'AN396909AD',"
AD42417,DL_PM_TM_VBESAB01,6/21/2026,63,,,,,,,,AN422299AD,"'AN422299AD',"
AG38820,DL_PM_TM_VBESAB01,5/29/2026,235,,,,,,,,AN424035AD,"'AN424035AD',"
AG70224,DL_PM_TM_VBESAB01,5/14/2026,2,,,,,,,,AN443313AD,"'AN443313AD',"
AD29587,DL_PM_TM_VBESAB01,6/8/2026,110,,,,,,,,AN524101AD,"'AN524101AD',"
AL95413,DL_PM_TM_VBESAB01,5/19/2025,1,,,,,,,,AN718850AD,"'AN718850AD',"
BURNSPL,DL_DMS_PHI,9/30/2026,"2,712",,,,,,,,AN848327AD,"'AN848327AD',"
AF75104,DL_DMS_PHI,9/18/2026,618,,,,,,,,AN848577AD,"'AN848577AD',"
AM85808,DL_DMS_PHI,9/23/2026,2,,,,,,,,AN961590AD,"'AN961590AD',"
AM45489,DL_DMS_PHI,9/19/2025,4,,,,,,,,AN988236AD,"'AN988236AD',"
AN443313AD,DL_DMS_PHI,8/5/2026,"61,637",,,,,,,,AN997635AD,"'AN997635AD',"
AN718850AD,DL_DMS_PHI,9/28/2026,781,,,,,,,,BRADLSH,"'BRADLSH',"
AN424035AD,DL_DMS_PHI,9/23/2026,"1,072",,,,,,,,BURNSPL,"'BURNSPL',"
AF18413,DL_DMS_PHI,9/2/2026,474,,,,,,,,COLLSTAT,"'COLLSTAT',"
TONEYRC,DL_DMS_PHI,9/30/2026,"53,736",,,,,,,,DBAPROC,"'DBAPROC',"
AM84597,DL_DMS_PHI,9/23/2026,1,,,,,,,,DBC,"'DBC',"
AA97660,DL_DMS_PHI,9/30/2026,"85,221",,,,,,,,HPSV13,"'HPSV13',"
AM45488,DL_DMS_PHI,10/1/2025,1,,,,,,,,IPCM18,"'IPCM18',"
AM80065,DL_DMS_PHI,9/23/2026,1,,,,,,,,MCGAUST,"'MCGAUST',"
AN848577AD,DL_DMS_PHI,12/1/2025,30,,,,,,,,ROSICSW,"'ROSICSW',"
AM84604,DL_DMS_PHI,9/23/2026,2,,,,,,,,SAXENPR,"'SAXENPR',"
AN988236AD,DL_DMS_PHI,12/17/2025,187,,,,,,,,SIMMSKR,"'SIMMSKR',"
AN366039AD,DL_DMS_PHI,8/28/2026,123,,,,,,,,SRCLABDATACPY,"'SRCLABDATACPY',"
AN848327AD,DL_DMS_PHI,8/28/2026,746,,,,,,,,TONEYRC,"'TONEYRC',"
DBAPROC,DL_DMS_PHI,6/29/2026,419,,,,,,,,WIECKSH,"'WIECKSH',"
AN422299AD,DL_DMS_PHI,9/23/2026,146,,,,,,,,ZULHY66,"'ZULHY66',"
AD84918,DL_DMS_PHI,8/20/2026,111,,,,,,,,,
AN396909AD,DL_DMS_PHI,9/14/2026,581,,,,,,,,,
COLLSTAT,DL_DMS_PHI,9/27/2026,620,,,,,,,,,
AN311679AD,DL_DMS_PHI,9/29/2026,188,,,,,,,,,
AN961590AD,DL_DMS_PHI,9/30/2026,78,,,,,,,,,
AN524101AD,DL_DMS_PHI,9/30/2026,"14,670",,,,,,,,,
AM45487,DL_DMS_PHI,10/1/2025,6,,,,,,,,,
AA02367,DL_DMS_PHI,9/30/2026,"78,584",,,,,,,,,
AF29118,DL_DMS_PHI,9/29/2026,"3,599",,,,,,,,,
AB73356,DL_DMS_PHI,9/24/2026,239,,,,,,,,,
DBC,DL_DMS_PHI,6/21/2026,2,,,,,,,,,
AC80543,DL_DMS_PHI,9/28/2026,398,,,,,,,,,
SRCLABDATACPY,DL_DMS_PHI,9/28/2026,104,,,,,,,,,
AB21599,DL_DMS_PHI,9/28/2026,"1,455",,,,,,,,,
AA84996,DL_DMS_PHI,9/25/2026,"12,267",,,,,,,,,
AD39075,DL_DMS_PHI,9/22/2026,299,,,,,,,,,
BRADLSH,DL_DMS_PHI,9/22/2026,"3,298",,,,,,,,,
AD33232,DL_DMS_PHI,9/17/2026,17,,,,,,,,,
AF62488,DL_DMS_PHI,9/30/2026,"15,282",,,,,,,,,
AC88717,DL_AA_TM_MAM_S,10/1/2025,572,,,,,,,,,
AH52387,DL_AA_TM_MAM_S,6/26/2025,322,,,,,,,,,
SAXENPR,DL_AA_TM_MAM_S,9/29/2026,490,,,,,,,,,
MCGAUST,DL_AA_TM_MAM_S,7/20/2026,782,,,,,,,,,
AF82192,DL_AA_TM_MAM_S,9/1/2026,75,,,,,,,,,
AG71221,DL_AA_TM_MAM_S,4/18/2025,31,,,,,,,,,
AB75921,DL_AA_TM_MAM_S,5/19/2026,183,,,,,,,,,
AF43151,DL_AA_TM_MAM_S,9/15/2025,22,,,,,,,,,
AL93414,DL_AA_TM_MAM_S,10/9/2025,5,,,,,,,,,
AA56783,DL_AA_TM_MAM_S,9/28/2026,91,,,,,,,,,
AL46704,DL_AA_TM_MAM_S,12/8/2025,"2,391",,,,,,,,,
AE01573,DL_AA_TM_MAM_S,9/29/2026,"3,475",,,,,,,,,
AB60973,DL_AA_TM_MAM_S,9/15/2026,69,,,,,,,,,
AC70715,DL_AA_TM_MAM_S,7/7/2025,35,,,,,,,,,
AH51207,DL_AA_TM_MAM_S,12/9/2025,12,,,,,,,,,
DBAPROC,DL_AA_TM_MAM_S,6/29/2026,50,,,,,,,,,
AB57152,DL_AA_TM_MAM_S,9/21/2026,12,,,,,,,,,
AF33991,DL_AA_TM_MAM_S,9/30/2026,"60,992",,,,,,,,,
AB36495,DL_AA_TM_MAM_S,9/9/2026,185,,,,,,,,,
COLLSTAT,DL_AA_TM_MAM_S,8/15/2026,28,,,,,,,,,
AE06784,DL_AA_TM_MAM_S,9/30/2026,"5,430",,,,,,,,,
AL44531,DL_AA_TM_MAM_S,3/17/2026,1,,,,,,,,,
AD74847,DL_AA_TM_MAM_S,4/28/2025,63,,,,,,,,,
AB57407,DL_AA_TM_MAM_S,6/18/2026,19,,,,,,,,,
AG23264,DL_AA_TM_MAM_S,9/23/2026,"5,327",,,,,,,,,
AF05674,DL_AA_TM_MAM_S,4/21/2025,48,,,,,,,,,
SRCLABDATACPY,DL_AA_TM_MAM_S,9/25/2026,8,,,,,,,,,
AC88808,DL_AA_TM_MAM_S,9/15/2026,329,,,,,,,,,
AF65477,DL_AA_TM_MAM_S,4/28/2025,2,,,,,,,,,
AG11940,DL_AQI_PHI,10/8/2025,1,,,,,,,,,
AA54619,DL_AQI_PHI,6/10/2025,2,,,,,,,,,
AD90607,DL_AQI_PHI,12/3/2025,28,,,,,,,,,
AD35682,DL_AQI_PHI,8/31/2026,"2,692",,,,,,,,,
AD59256,DL_AQI_PHI,6/14/2026,"2,075",,,,,,,,,
AF54257,DL_AQI_PHI,9/21/2026,152,,,,,,,,,
AL47967,DL_AQI_PHI,9/24/2026,80,,,,,,,,,
AE00295,DL_AQI_PHI,9/21/2026,"1,637",,,,,,,,,
HPSV13,DL_AQI_PHI,9/22/2026,"6,105",,,,,,,,,
AF97785,DL_AQI_PHI,6/1/2026,"16,924",,,,,,,,,
DBAPROC,DL_AQI_PHI,6/29/2026,150,,,,,,,,,
COLLSTAT,DL_AQI_PHI,7/25/2026,149,,,,,,,,,
AA26884,DL_AQI_PHI,9/27/2026,"11,731",,,,,,,,,
AC90531,DL_AQI_PHI,2/11/2026,32,,,,,,,,,
AC90100,DL_AQI_PHI,9/30/2026,"7,518",,,,,,,,,
WIECKSH,DL_AQI_PHI,9/22/2026,177,,,,,,,,,
AL35587,DL_AQI_PHI,8/25/2025,51,,,,,,,,,
AF67451,DL_AQI_PHI,9/30/2026,881,,,,,,,,,
AF85716,DL_AQI_PHI,6/29/2026,122,,,,,,,,,
DBC,DL_AQI_PHI,4/6/2025,2,,,,,,,,,
AC88552,DL_AQI_PHI,1/7/2026,52,,,,,,,,,
AA98466,DL_AQI_PHI,9/22/2026,696,,,,,,,,,
IPCM18,DL_AQI_PHI,9/22/2026,"3,413,346",,,,,,,,,
AH16388,DL_AQI_PHI,9/23/2026,517,,,,,,,,,
ROSICSW,DL_AQI_PHI,9/29/2026,"24,114",,,,,,,,,
AD84558,DL_AQI_PHI,7/8/2026,43,,,,,,,,,
